TRS2000,観光政策・行政論,味水　佑毅,秋・月・１ N421,/timetable/slbssbdr.do?value(risyunen)=2017&value(semekikn)=1&value(kougicd)=HA118&value(crclumcd)=
,農村観光論,嵩　和雄,秋・月・１ N312,/timetable/slbssbdr.do?value(risyunen)=2017&value(semekikn)=1&value(kougicd)=HA115&value(crclumcd)=
TRM3003,観光特論３（英語）,武内　一良,秋・月・１ N844,/timetable/slbssbdr.do?value(risyunen)=2017&value(semekikn)=1&value(kougicd)=HA505&value(crclumcd)=
TRM2003,観光特論６（英語）,韓　志昊,春・月・１ N221,/timetable/slbssbdr.do?value(risyunen)=2017&value(semekikn)=1&value(kougicd)=HA518&value(crclumcd)=
TRM1200,職業指導概論１,佐々木　尚毅,春・月・１ N323,/timetable/slbssbdr.do?value(risyunen)=2017&value(semekikn)=1&value(kougicd)=HA833&value(crclumcd)=
,職業指導概論１,佐々木　尚毅,春・月・１ N323,/timetable/slbssbdr.do?value(risyunen)=2017&value(semekikn)=1&value(kougicd)=HX301&value(crclumcd)=
TRS2200,観光交通論（鉄道等）,味水　佑毅,秋・月・２ N121,/timetable/slbssbdr.do?value(risyunen)=2017&value(semekikn)=1&value(kougicd)=HA103&value(crclumcd)=
TRS3400,企業金融と会計,井出　健二郎,秋・月・２ N431,/timetable/slbssbdr.do?value(risyunen)=2017&value(semekikn)=1&value(kougicd)=HA388&value(crclumcd)=
,企業金融と会計１,井出　健二郎,秋・月・２ N431,/timetable/slbssbdr.do?value(risyunen)=2017&value(semekikn)=1&value(kougicd)=HA313&value(crclumcd)=
,空間情報処理２,鄭　玉姫,春・月・２ N823,/timetable/slbssbdr.do?value(risyunen)=2017&value(semekikn)=1&value(kougicd)=HA077&value(crclumcd)=
TRS2100,簿記論,井出　健二郎,春・月・２ N312,/timetable/slbssbdr.do?value(risyunen)=2017&value(semekikn)=1&value(kougicd)=HA366&value(crclumcd)=
,簿記論１,井出　健二郎,春・月・２ N312,/timetable/slbssbdr.do?value(risyunen)=2017&value(semekikn)=1&value(kougicd)=HA111&value(crclumcd)=
TRS2200,旅行産業演習１（Ｂ）,野澤　肇,秋・月・２ N243,/timetable/slbssbdr.do?value(risyunen)=2017&value(semekikn)=1&value(kougicd)=HA394&value(crclumcd)=
TRS2200,旅行産業演習１（Ａ）,野澤　肇,春・月・２ N243,/timetable/slbssbdr.do?value(risyunen)=2017&value(semekikn)=1&value(kougicd)=HA393&value(crclumcd)=
TRM1000,ＧＩＳ演習,鄭　玉姫,春・月・２ N823,/timetable/slbssbdr.do?value(risyunen)=2017&value(semekikn)=1&value(kougicd)=HA607&value(crclumcd)=
TRM1000,観光の社会的広がり,阿南　透,秋・月・２ N8B1,/timetable/slbssbdr.do?value(risyunen)=2017&value(semekikn)=1&value(kougicd)=HA608&value(crclumcd)=
,交流文化論,大橋　健一,秋・月・２ N421,/timetable/slbssbdr.do?value(risyunen)=2017&value(semekikn)=1&value(kougicd)=HA015&value(crclumcd)=
TRM1200,法学１,金子　和夫,春・月・２ N331,/timetable/slbssbdr.do?value(risyunen)=2017&value(semekikn)=1&value(kougicd)=HA811&value(crclumcd)=
TRM1200,法学２,金子　和夫,秋・月・２ N214,/timetable/slbssbdr.do?value(risyunen)=2017&value(semekikn)=1&value(kougicd)=HA812&value(crclumcd)=
,法学１,金子　和夫,春・月・２ N331,/timetable/slbssbdr.do?value(risyunen)=2017&value(semekikn)=1&value(kougicd)=HX171&value(crclumcd)=
,法学２,金子　和夫,秋・月・２ N214,/timetable/slbssbdr.do?value(risyunen)=2017&value(semekikn)=1&value(kougicd)=HX172&value(crclumcd)=
TRS3200,ＩＴビジネス論,野田　健太郎,秋・月・３ N312,/timetable/slbssbdr.do?value(risyunen)=2017&value(semekikn)=1&value(kougicd)=HA389&value(crclumcd)=
,ｅ―ビジネス論,野田　健太郎,秋・月・３ N312,/timetable/slbssbdr.do?value(risyunen)=2017&value(semekikn)=1&value(kougicd)=HA337&value(crclumcd)=
TRS2100,企業情報分析,野田　健太郎,春・月・３ N121,/timetable/slbssbdr.do?value(risyunen)=2017&value(semekikn)=1&value(kougicd)=HA360&value(crclumcd)=
,企業情報分析１,野田　健太郎,春・月・３ N121,/timetable/slbssbdr.do?value(risyunen)=2017&value(semekikn)=1&value(kougicd)=HA027&value(crclumcd)=
TRS3100,サービス・マネジメント,東　徹,秋・月・３ N331,/timetable/slbssbdr.do?value(risyunen)=2017&value(semekikn)=1&value(kougicd)=HA333&value(crclumcd)=
TRS2100,組織と人的資源経営,庄司　貴行,春・月・３ N851,/timetable/slbssbdr.do?value(risyunen)=2017&value(semekikn)=1&value(kougicd)=HA361&value(crclumcd)=
,組織と人的資源経営１,庄司　貴行,春・月・３ N851,/timetable/slbssbdr.do?value(risyunen)=2017&value(semekikn)=1&value(kougicd)=HA029&value(crclumcd)=
TRS3400,旅行業経営実務,野澤　肇,秋・月・３ N8B1,/timetable/slbssbdr.do?value(risyunen)=2017&value(semekikn)=1&value(kougicd)=HA344&value(crclumcd)=
TRS2200,旅行産業論,野澤　肇,春・月・３ N421,/timetable/slbssbdr.do?value(risyunen)=2017&value(semekikn)=1&value(kougicd)=HA387&value(crclumcd)=
,旅行産業論１,野澤　肇,春・月・３ N421,/timetable/slbssbdr.do?value(risyunen)=2017&value(semekikn)=1&value(kougicd)=HA093&value(crclumcd)=
,演習（４年）Ａ,杜　国慶,春・月・３ N841,/timetable/slbssbdr.do?value(risyunen)=2017&value(semekikn)=1&value(kougicd)=HA681&value(crclumcd)=
,演習（４年）Ａ,鈴木　涼太郎,春・月・３ N844,/timetable/slbssbdr.do?value(risyunen)=2017&value(semekikn)=1&value(kougicd)=HB681&value(crclumcd)=
,演習（４年）Ａ,舛谷　鋭,春・月・３ N847,/timetable/slbssbdr.do?value(risyunen)=2017&value(semekikn)=1&value(kougicd)=HB687&value(crclumcd)=
,演習（４年）Ｂ,杜　国慶,秋・月・３ N841,/timetable/slbssbdr.do?value(risyunen)=2017&value(semekikn)=1&value(kougicd)=HA682&value(crclumcd)=
,演習（４年）Ｂ,大橋　健一,秋・月・３ N844,/timetable/slbssbdr.do?value(risyunen)=2017&value(semekikn)=1&value(kougicd)=HB682&value(crclumcd)=
,演習（４年）Ｂ,舛谷　鋭,秋・月・３ N847,/timetable/slbssbdr.do?value(risyunen)=2017&value(semekikn)=1&value(kougicd)=HB688&value(crclumcd)=
TRM1200,経営学,黄　耀偉,春・月・３ N311,/timetable/slbssbdr.do?value(risyunen)=2017&value(semekikn)=1&value(kougicd)=HA815&value(crclumcd)=
,経営学,黄　耀偉,春・月・３ N311,/timetable/slbssbdr.do?value(risyunen)=2017&value(semekikn)=1&value(kougicd)=HX200&value(crclumcd)=
TRS3200,旅行産業演習２（Ｂ）,野澤　肇,秋・月・４ N243,/timetable/slbssbdr.do?value(risyunen)=2017&value(semekikn)=1&value(kougicd)=HA398&value(crclumcd)=
TRS3200,旅行産業演習２（Ａ）,野澤　肇,春・月・４ N243,/timetable/slbssbdr.do?value(risyunen)=2017&value(semekikn)=1&value(kougicd)=HA397&value(crclumcd)=
TRM2003,演習（２年）Ａ,小野　良平,春・月・４ N341,/timetable/slbssbdr.do?value(risyunen)=2017&value(semekikn)=1&value(kougicd)=HA611&value(crclumcd)=
TRM2003,演習（２年）Ａ,羽生　冬佳,春・月・４ N342,/timetable/slbssbdr.do?value(risyunen)=2017&value(semekikn)=1&value(kougicd)=HA613&value(crclumcd)=
TRM2003,演習（２年）Ａ,東　徹,春・月・４ N343,/timetable/slbssbdr.do?value(risyunen)=2017&value(semekikn)=1&value(kougicd)=HA615&value(crclumcd)=
TRM2003,演習（２年）Ａ,麻生　憲一,春・月・４ N345,/timetable/slbssbdr.do?value(risyunen)=2017&value(semekikn)=1&value(kougicd)=HA619&value(crclumcd)=
TRM2003,演習（２年）Ａ,杜　国慶,春・月・４ N833,/timetable/slbssbdr.do?value(risyunen)=2017&value(semekikn)=1&value(kougicd)=HA621&value(crclumcd)=
TRM2003,演習（２年）Ａ,橋本　俊哉,春・月・４ N347,/timetable/slbssbdr.do?value(risyunen)=2017&value(semekikn)=1&value(kougicd)=HA623&value(crclumcd)=
TRM2003,演習（２年）Ａ,野田　健太郎,春・月・４ N422,/timetable/slbssbdr.do?value(risyunen)=2017&value(semekikn)=1&value(kougicd)=HA625&value(crclumcd)=
TRM2003,演習（２年）Ａ,韓　志昊,春・月・４ N423,/timetable/slbssbdr.do?value(risyunen)=2017&value(semekikn)=1&value(kougicd)=HA627&value(crclumcd)=
TRM2003,演習（２年）Ａ,毛谷村　英治,春・月・４ N424,/timetable/slbssbdr.do?value(risyunen)=2017&value(semekikn)=1&value(kougicd)=HA629&value(crclumcd)=
TRM2003,演習（２年）Ａ,越智　郁乃,春・月・４ N432,/timetable/slbssbdr.do?value(risyunen)=2017&value(semekikn)=1&value(kougicd)=HA631&value(crclumcd)=
TRM2003,演習（２年）Ａ,松村　公明,春・月・４ N332,/timetable/slbssbdr.do?value(risyunen)=2017&value(semekikn)=1&value(kougicd)=HB611&value(crclumcd)=
TRM2003,演習（２年）Ａ,門田　岳久,春・月・４ N434,/timetable/slbssbdr.do?value(risyunen)=2017&value(semekikn)=1&value(kougicd)=HB613&value(crclumcd)=
TRM2003,演習（２年）Ａ,葛野　浩昭,春・月・４ N241,/timetable/slbssbdr.do?value(risyunen)=2017&value(semekikn)=1&value(kougicd)=HB615&value(crclumcd)=
TRM2003,演習（２年）Ａ,千住　一,春・月・４ N843,/timetable/slbssbdr.do?value(risyunen)=2017&value(semekikn)=1&value(kougicd)=HB619&value(crclumcd)=
TRM2003,演習（２年）Ａ,鈴木　涼太郎,春・月・４ N844,/timetable/slbssbdr.do?value(risyunen)=2017&value(semekikn)=1&value(kougicd)=HB621&value(crclumcd)=
TRM2003,演習（２年）Ａ,佐藤　大祐,春・月・４ N845,/timetable/slbssbdr.do?value(risyunen)=2017&value(semekikn)=1&value(kougicd)=HB623&value(crclumcd)=
TRM2003,演習（２年）Ａ,高岡　文章,春・月・４ N846,/timetable/slbssbdr.do?value(risyunen)=2017&value(semekikn)=1&value(kougicd)=HB625&value(crclumcd)=
TRM2003,演習（２年）Ａ,舛谷　鋭,春・月・４ N847,/timetable/slbssbdr.do?value(risyunen)=2017&value(semekikn)=1&value(kougicd)=HB627&value(crclumcd)=
TRM2003,演習（２年）Ａ,豊田　三佳,春・月・４ N235,/timetable/slbssbdr.do?value(risyunen)=2017&value(semekikn)=1&value(kougicd)=HB629&value(crclumcd)=
TRM2003,演習（２年）Ｂ,小野　良平,秋・月・４ N341,/timetable/slbssbdr.do?value(risyunen)=2017&value(semekikn)=1&value(kougicd)=HA612&value(crclumcd)=
TRM2003,演習（２年）Ｂ,羽生　冬佳,秋・月・４ N342,/timetable/slbssbdr.do?value(risyunen)=2017&value(semekikn)=1&value(kougicd)=HA614&value(crclumcd)=
TRM2003,演習（２年）Ｂ,東　徹,秋・月・４ N343,/timetable/slbssbdr.do?value(risyunen)=2017&value(semekikn)=1&value(kougicd)=HA616&value(crclumcd)=
TRM2003,演習（２年）Ｂ,麻生　憲一,秋・月・４ N345,/timetable/slbssbdr.do?value(risyunen)=2017&value(semekikn)=1&value(kougicd)=HA620&value(crclumcd)=
TRM2003,演習（２年）Ｂ,杜　国慶,秋・月・４ N841,/timetable/slbssbdr.do?value(risyunen)=2017&value(semekikn)=1&value(kougicd)=HA622&value(crclumcd)=
TRM2003,演習（２年）Ｂ,橋本　俊哉,秋・月・４ N347,/timetable/slbssbdr.do?value(risyunen)=2017&value(semekikn)=1&value(kougicd)=HA624&value(crclumcd)=
TRM2003,演習（２年）Ｂ,野田　健太郎,秋・月・４ N422,/timetable/slbssbdr.do?value(risyunen)=2017&value(semekikn)=1&value(kougicd)=HA626&value(crclumcd)=
TRM2003,演習（２年）Ｂ,韓　志昊,秋・月・４ N423,/timetable/slbssbdr.do?value(risyunen)=2017&value(semekikn)=1&value(kougicd)=HA628&value(crclumcd)=
TRM2003,演習（２年）Ｂ,毛谷村　英治,秋・月・４ N424,/timetable/slbssbdr.do?value(risyunen)=2017&value(semekikn)=1&value(kougicd)=HA630&value(crclumcd)=
TRM2003,演習（２年）Ｂ,越智　郁乃,秋・月・４ N432,/timetable/slbssbdr.do?value(risyunen)=2017&value(semekikn)=1&value(kougicd)=HA632&value(crclumcd)=
TRM2003,演習（２年）Ｂ,松村　公明,秋・月・４ N332,/timetable/slbssbdr.do?value(risyunen)=2017&value(semekikn)=1&value(kougicd)=HB612&value(crclumcd)=
TRM2003,演習（２年）Ｂ,門田　岳久,秋・月・４ N434,/timetable/slbssbdr.do?value(risyunen)=2017&value(semekikn)=1&value(kougicd)=HB614&value(crclumcd)=
TRM2003,演習（２年）Ｂ,葛野　浩昭,秋・月・４ N241,/timetable/slbssbdr.do?value(risyunen)=2017&value(semekikn)=1&value(kougicd)=HB616&value(crclumcd)=
TRM2003,演習（２年）Ｂ,千住　一,秋・月・４ N843,/timetable/slbssbdr.do?value(risyunen)=2017&value(semekikn)=1&value(kougicd)=HB620&value(crclumcd)=
TRM2003,演習（２年）Ｂ,大橋　健一,秋・月・４ N844,/timetable/slbssbdr.do?value(risyunen)=2017&value(semekikn)=1&value(kougicd)=HB622&value(crclumcd)=
TRM2003,演習（２年）Ｂ,佐藤　大祐,秋・月・４ N845,/timetable/slbssbdr.do?value(risyunen)=2017&value(semekikn)=1&value(kougicd)=HB624&value(crclumcd)=
TRM2003,演習（２年）Ｂ,高岡　文章,秋・月・４ N846,/timetable/slbssbdr.do?value(risyunen)=2017&value(semekikn)=1&value(kougicd)=HB626&value(crclumcd)=
TRM2003,演習（２年）Ｂ,舛谷　鋭,秋・月・４ N847,/timetable/slbssbdr.do?value(risyunen)=2017&value(semekikn)=1&value(kougicd)=HB628&value(crclumcd)=
TRM2003,演習（２年）Ｂ,豊田　三佳,秋・月・４ N235,/timetable/slbssbdr.do?value(risyunen)=2017&value(semekikn)=1&value(kougicd)=HB630&value(crclumcd)=
TRM3003,演習（３年）Ａ,庄司　貴行,春・月・４ N227,/timetable/slbssbdr.do?value(risyunen)=2017&value(semekikn)=1&value(kougicd)=HA647&value(crclumcd)=
TRM3003,演習（３年）Ｂ,庄司　貴行,秋・月・４ N227,/timetable/slbssbdr.do?value(risyunen)=2017&value(semekikn)=1&value(kougicd)=HA648&value(crclumcd)=
TRM1200,日本史１,茶谷　誠一,春・月・４ N311,/timetable/slbssbdr.do?value(risyunen)=2017&value(semekikn)=1&value(kougicd)=HA822&value(crclumcd)=
TRM1200,日本史２,茶谷　誠一,秋・月・４ N311,/timetable/slbssbdr.do?value(risyunen)=2017&value(semekikn)=1&value(kougicd)=HA823&value(crclumcd)=
,日本史１,茶谷　誠一,春・月・４ N311,/timetable/slbssbdr.do?value(risyunen)=2017&value(semekikn)=1&value(kougicd)=HX241&value(crclumcd)=
,日本史２,茶谷　誠一,秋・月・４ N311,/timetable/slbssbdr.do?value(risyunen)=2017&value(semekikn)=1&value(kougicd)=HX242&value(crclumcd)=
TRM2003,演習（２年）Ａ,庄司　貴行,春・月・５ N227,/timetable/slbssbdr.do?value(risyunen)=2017&value(semekikn)=1&value(kougicd)=HA617&value(crclumcd)=
TRM2003,演習（２年）Ｂ,庄司　貴行,秋・月・５ N227,/timetable/slbssbdr.do?value(risyunen)=2017&value(semekikn)=1&value(kougicd)=HA618&value(crclumcd)=
TRM3003,演習（３年）Ａ,越智　郁乃,春・月・５ N432,/timetable/slbssbdr.do?value(risyunen)=2017&value(semekikn)=1&value(kougicd)=HA641&value(crclumcd)=
TRM3003,演習（３年）Ａ,野田　健太郎,春・月・５ N422,/timetable/slbssbdr.do?value(risyunen)=2017&value(semekikn)=1&value(kougicd)=HA643&value(crclumcd)=
TRM3003,演習（３年）Ａ,東　徹,春・月・５ N343,/timetable/slbssbdr.do?value(risyunen)=2017&value(semekikn)=1&value(kougicd)=HA645&value(crclumcd)=
TRM3003,演習（３年）Ａ,麻生　憲一,春・月・５ N345,/timetable/slbssbdr.do?value(risyunen)=2017&value(semekikn)=1&value(kougicd)=HA649&value(crclumcd)=
TRM3003,演習（３年）Ａ,杜　国慶,春・月・５ N841,/timetable/slbssbdr.do?value(risyunen)=2017&value(semekikn)=1&value(kougicd)=HA651&value(crclumcd)=
TRM3003,演習（３年）Ａ,橋本　俊哉,春・月・５ N347,/timetable/slbssbdr.do?value(risyunen)=2017&value(semekikn)=1&value(kougicd)=HA653&value(crclumcd)=
TRM3003,演習（３年）Ａ,小野　良平,春・月・５ N341,/timetable/slbssbdr.do?value(risyunen)=2017&value(semekikn)=1&value(kougicd)=HA655&value(crclumcd)=
TRM3003,演習（３年）Ａ,韓　志昊,春・月・５ N423,/timetable/slbssbdr.do?value(risyunen)=2017&value(semekikn)=1&value(kougicd)=HA657&value(crclumcd)=
TRM3003,演習（３年）Ａ,毛谷村　英治,春・月・５ N424,/timetable/slbssbdr.do?value(risyunen)=2017&value(semekikn)=1&value(kougicd)=HA659&value(crclumcd)=
TRM3003,演習（３年）Ａ,羽生　冬佳,春・月・５ N342,/timetable/slbssbdr.do?value(risyunen)=2017&value(semekikn)=1&value(kougicd)=HA661&value(crclumcd)=
TRM3003,演習（３年）Ａ,松村　公明,春・月・５ N332,/timetable/slbssbdr.do?value(risyunen)=2017&value(semekikn)=1&value(kougicd)=HB641&value(crclumcd)=
TRM3003,演習（３年）Ａ,門田　岳久,春・月・５ N434,/timetable/slbssbdr.do?value(risyunen)=2017&value(semekikn)=1&value(kougicd)=HB643&value(crclumcd)=
TRM3003,演習（３年）Ａ,葛野　浩昭,春・月・５ N241,/timetable/slbssbdr.do?value(risyunen)=2017&value(semekikn)=1&value(kougicd)=HB645&value(crclumcd)=
TRM3003,演習（３年）Ａ,高岡　文章,春・月・５ N846,/timetable/slbssbdr.do?value(risyunen)=2017&value(semekikn)=1&value(kougicd)=HB649&value(crclumcd)=
TRM3003,演習（３年）Ａ,鈴木　涼太郎,春・月・５ N844,/timetable/slbssbdr.do?value(risyunen)=2017&value(semekikn)=1&value(kougicd)=HB651&value(crclumcd)=
TRM3003,演習（３年）Ａ,佐藤　大祐,春・月・５ N845,/timetable/slbssbdr.do?value(risyunen)=2017&value(semekikn)=1&value(kougicd)=HB653&value(crclumcd)=
TRM3003,演習（３年）Ａ,舛谷　鋭,春・月・５ N847,/timetable/slbssbdr.do?value(risyunen)=2017&value(semekikn)=1&value(kougicd)=HB657&value(crclumcd)=
TRM3003,演習（３年）Ａ,豊田　三佳,春・月・５ N235,/timetable/slbssbdr.do?value(risyunen)=2017&value(semekikn)=1&value(kougicd)=HB659&value(crclumcd)=
TRM3003,演習（３年）Ａ,千住　一,春・月・５ N843,/timetable/slbssbdr.do?value(risyunen)=2017&value(semekikn)=1&value(kougicd)=HB661&value(crclumcd)=
TRM3003,演習（３年）Ｂ,越智　郁乃,秋・月・５ N432,/timetable/slbssbdr.do?value(risyunen)=2017&value(semekikn)=1&value(kougicd)=HA642&value(crclumcd)=
TRM3003,演習（３年）Ｂ,野田　健太郎,秋・月・５ N422,/timetable/slbssbdr.do?value(risyunen)=2017&value(semekikn)=1&value(kougicd)=HA644&value(crclumcd)=
TRM3003,演習（３年）Ｂ,東　徹,秋・月・５ N343,/timetable/slbssbdr.do?value(risyunen)=2017&value(semekikn)=1&value(kougicd)=HA646&value(crclumcd)=
TRM3003,演習（３年）Ｂ,麻生　憲一,秋・月・５ N345,/timetable/slbssbdr.do?value(risyunen)=2017&value(semekikn)=1&value(kougicd)=HA650&value(crclumcd)=
TRM3003,演習（３年）Ｂ,杜　国慶,秋・月・５ N841,/timetable/slbssbdr.do?value(risyunen)=2017&value(semekikn)=1&value(kougicd)=HA652&value(crclumcd)=
TRM3003,演習（３年）Ｂ,橋本　俊哉,秋・月・５ N347,/timetable/slbssbdr.do?value(risyunen)=2017&value(semekikn)=1&value(kougicd)=HA654&value(crclumcd)=
TRM3003,演習（３年）Ｂ,小野　良平,秋・月・５ N341,/timetable/slbssbdr.do?value(risyunen)=2017&value(semekikn)=1&value(kougicd)=HA656&value(crclumcd)=
TRM3003,演習（３年）Ｂ,韓　志昊,秋・月・５ N423,/timetable/slbssbdr.do?value(risyunen)=2017&value(semekikn)=1&value(kougicd)=HA658&value(crclumcd)=
TRM3003,演習（３年）Ｂ,毛谷村　英治,秋・月・５ N424,/timetable/slbssbdr.do?value(risyunen)=2017&value(semekikn)=1&value(kougicd)=HA660&value(crclumcd)=
TRM3003,演習（３年）Ｂ,羽生　冬佳,秋・月・５ N342,/timetable/slbssbdr.do?value(risyunen)=2017&value(semekikn)=1&value(kougicd)=HA662&value(crclumcd)=
TRM3003,演習（３年）Ｂ,松村　公明,秋・月・５ N332,/timetable/slbssbdr.do?value(risyunen)=2017&value(semekikn)=1&value(kougicd)=HB642&value(crclumcd)=
TRM3003,演習（３年）Ｂ,門田　岳久,秋・月・５ N434,/timetable/slbssbdr.do?value(risyunen)=2017&value(semekikn)=1&value(kougicd)=HB644&value(crclumcd)=
TRM3003,演習（３年）Ｂ,葛野　浩昭,秋・月・５ N241,/timetable/slbssbdr.do?value(risyunen)=2017&value(semekikn)=1&value(kougicd)=HB646&value(crclumcd)=
TRM3003,演習（３年）Ｂ,高岡　文章,秋・月・５ N846,/timetable/slbssbdr.do?value(risyunen)=2017&value(semekikn)=1&value(kougicd)=HB650&value(crclumcd)=
TRM3003,演習（３年）Ｂ,大橋　健一,秋・月・５ N844,/timetable/slbssbdr.do?value(risyunen)=2017&value(semekikn)=1&value(kougicd)=HB652&value(crclumcd)=
TRM3003,演習（３年）Ｂ,佐藤　大祐,秋・月・５ N845,/timetable/slbssbdr.do?value(risyunen)=2017&value(semekikn)=1&value(kougicd)=HB654&value(crclumcd)=
TRM3003,演習（３年）Ｂ,舛谷　鋭,秋・月・５ N847,/timetable/slbssbdr.do?value(risyunen)=2017&value(semekikn)=1&value(kougicd)=HB658&value(crclumcd)=
TRM3003,演習（３年）Ｂ,豊田　三佳,秋・月・５ N235,/timetable/slbssbdr.do?value(risyunen)=2017&value(semekikn)=1&value(kougicd)=HB660&value(crclumcd)=
TRM3003,演習（３年）Ｂ,千住　一,秋・月・５ N843,/timetable/slbssbdr.do?value(risyunen)=2017&value(semekikn)=1&value(kougicd)=HB662&value(crclumcd)=
,演習（４年）Ａ,野田　健太郎,春・月・６ N422,/timetable/slbssbdr.do?value(risyunen)=2017&value(semekikn)=1&value(kougicd)=HA673&value(crclumcd)=
,演習（４年）Ａ,東　徹,春・月・６ N343,/timetable/slbssbdr.do?value(risyunen)=2017&value(semekikn)=1&value(kougicd)=HA675&value(crclumcd)=
,演習（４年）Ａ,小野　良平,春・月・６ N341,/timetable/slbssbdr.do?value(risyunen)=2017&value(semekikn)=1&value(kougicd)=HA679&value(crclumcd)=
,演習（４年）Ａ,橋本　俊哉,春・月・６ N347,/timetable/slbssbdr.do?value(risyunen)=2017&value(semekikn)=1&value(kougicd)=HA683&value(crclumcd)=
,演習（４年）Ａ,麻生　憲一,春・月・６ N345,/timetable/slbssbdr.do?value(risyunen)=2017&value(semekikn)=1&value(kougicd)=HA685&value(crclumcd)=
,演習（４年）Ａ,韓　志昊,春・月・６ N423,/timetable/slbssbdr.do?value(risyunen)=2017&value(semekikn)=1&value(kougicd)=HA687&value(crclumcd)=
,演習（４年）Ａ,毛谷村　英治,春・月・６ N424,/timetable/slbssbdr.do?value(risyunen)=2017&value(semekikn)=1&value(kougicd)=HA689&value(crclumcd)=
,演習（４年）Ａ,羽生　冬佳,春・月・６ N342,/timetable/slbssbdr.do?value(risyunen)=2017&value(semekikn)=1&value(kougicd)=HA691&value(crclumcd)=
,演習（４年）Ａ,松村　公明,春・月・６ N332,/timetable/slbssbdr.do?value(risyunen)=2017&value(semekikn)=1&value(kougicd)=HB671&value(crclumcd)=
,演習（４年）Ａ,葛野　浩昭,春・月・６ N241,/timetable/slbssbdr.do?value(risyunen)=2017&value(semekikn)=1&value(kougicd)=HB675&value(crclumcd)=
,演習（４年）Ａ,佐藤　大祐,春・月・６ N845,/timetable/slbssbdr.do?value(risyunen)=2017&value(semekikn)=1&value(kougicd)=HB683&value(crclumcd)=
,演習（４年）Ａ,豊田　三佳,春・月・６ N235,/timetable/slbssbdr.do?value(risyunen)=2017&value(semekikn)=1&value(kougicd)=HB689&value(crclumcd)=
,演習（４年）Ａ,高岡　文章,春・月・６ N846,/timetable/slbssbdr.do?value(risyunen)=2017&value(semekikn)=1&value(kougicd)=HB693&value(crclumcd)=
,演習（４年）Ｂ,野田　健太郎,秋・月・６ N422,/timetable/slbssbdr.do?value(risyunen)=2017&value(semekikn)=1&value(kougicd)=HA674&value(crclumcd)=
,演習（４年）Ｂ,東　徹,秋・月・６ N343,/timetable/slbssbdr.do?value(risyunen)=2017&value(semekikn)=1&value(kougicd)=HA676&value(crclumcd)=
,演習（４年）Ｂ,小野　良平,秋・月・６ N341,/timetable/slbssbdr.do?value(risyunen)=2017&value(semekikn)=1&value(kougicd)=HA680&value(crclumcd)=
,演習（４年）Ｂ,橋本　俊哉,秋・月・６ N347,/timetable/slbssbdr.do?value(risyunen)=2017&value(semekikn)=1&value(kougicd)=HA684&value(crclumcd)=
,演習（４年）Ｂ,麻生　憲一,秋・月・６ N345,/timetable/slbssbdr.do?value(risyunen)=2017&value(semekikn)=1&value(kougicd)=HA686&value(crclumcd)=
,演習（４年）Ｂ,韓　志昊,秋・月・６ N423,/timetable/slbssbdr.do?value(risyunen)=2017&value(semekikn)=1&value(kougicd)=HA688&value(crclumcd)=
,演習（４年）Ｂ,毛谷村　英治,秋・月・６ N424,/timetable/slbssbdr.do?value(risyunen)=2017&value(semekikn)=1&value(kougicd)=HA690&value(crclumcd)=
,演習（４年）Ｂ,羽生　冬佳,秋・月・６ N342,/timetable/slbssbdr.do?value(risyunen)=2017&value(semekikn)=1&value(kougicd)=HA692&value(crclumcd)=
,演習（４年）Ｂ,松村　公明,秋・月・６ N332,/timetable/slbssbdr.do?value(risyunen)=2017&value(semekikn)=1&value(kougicd)=HB672&value(crclumcd)=
,演習（４年）Ｂ,門田　岳久,秋・月・６ N434,/timetable/slbssbdr.do?value(risyunen)=2017&value(semekikn)=1&value(kougicd)=HB674&value(crclumcd)=
,演習（４年）Ｂ,葛野　浩昭,秋・月・６ N241,/timetable/slbssbdr.do?value(risyunen)=2017&value(semekikn)=1&value(kougicd)=HB676&value(crclumcd)=
,演習（４年）Ｂ,佐藤　大祐,秋・月・６ N845,/timetable/slbssbdr.do?value(risyunen)=2017&value(semekikn)=1&value(kougicd)=HB684&value(crclumcd)=
,演習（４年）Ｂ,豊田　三佳,秋・月・６ N235,/timetable/slbssbdr.do?value(risyunen)=2017&value(semekikn)=1&value(kougicd)=HB690&value(crclumcd)=
,演習（４年）Ｂ,高岡　文章,秋・月・６ N846,/timetable/slbssbdr.do?value(risyunen)=2017&value(semekikn)=1&value(kougicd)=HB694&value(crclumcd)=
TRS3400,観光営業法,畑　敬,秋・火・１ N312,/timetable/slbssbdr.do?value(risyunen)=2017&value(semekikn)=1&value(kougicd)=HA305&value(crclumcd)=
TRM3100,観光リスクマネジメント,畑　敬,春・火・１ N312,/timetable/slbssbdr.do?value(risyunen)=2017&value(semekikn)=1&value(kougicd)=HA604&value(crclumcd)=
TRS2200,外食産業論,丹治　朋子,秋・火・２ N121,/timetable/slbssbdr.do?value(risyunen)=2017&value(semekikn)=1&value(kougicd)=HA095&value(crclumcd)=
TRS2000,観光行動論,橋本　俊哉,秋・火・２ N312,/timetable/slbssbdr.do?value(risyunen)=2017&value(semekikn)=1&value(kougicd)=HA085&value(crclumcd)=
,観光行動論１,橋本　俊哉,秋・火・２ N312,/timetable/slbssbdr.do?value(risyunen)=2017&value(semekikn)=1&value(kougicd)=HA023&value(crclumcd)=
TRS2000,国際観光政策論,村上　雅巳,秋・火・２ N333,/timetable/slbssbdr.do?value(risyunen)=2017&value(semekikn)=1&value(kougicd)=HA119&value(crclumcd)=
TRS3200,政策評価論,坂本　純一,春・火・２ N421,/timetable/slbssbdr.do?value(risyunen)=2017&value(semekikn)=1&value(kougicd)=HA358&value(crclumcd)=
TRM3100,経団連インターンシップ,野田　健太郎森島　聡,通年・火・２ N422,/timetable/slbssbdr.do?value(risyunen)=2017&value(semekikn)=1&value(kougicd)=HA418&value(crclumcd)=
TRM2000,交流文化フィールドワーク論,小西　公大,春・火・２ N213,/timetable/slbssbdr.do?value(risyunen)=2017&value(semekikn)=1&value(kougicd)=HB415&value(crclumcd)=
TRM1003,早期体験プログラム,門田　岳久高岡　文章千住　一麻生　憲一松村　公明杜　国慶石橋　正孝鄭　玉姫越智　郁乃,通年・火・２ N121,/timetable/slbssbdr.do?value(risyunen)=2017&value(semekikn)=1&value(kougicd)=HA606&value(crclumcd)=
TRS1000,観光経済学,麻生　憲一,秋・火・３ N8B1,/timetable/slbssbdr.do?value(risyunen)=2017&value(semekikn)=1&value(kougicd)=HA081&value(crclumcd)=
TRS2200,観光交通論（国際航空）,守屋　伸介,秋・火・３ N431,/timetable/slbssbdr.do?value(risyunen)=2017&value(semekikn)=1&value(kougicd)=HA104&value(crclumcd)=
,地域経済学１,麻生　憲一,秋・火・３ N8B1,/timetable/slbssbdr.do?value(risyunen)=2017&value(semekikn)=1&value(kougicd)=HA073&value(crclumcd)=
,マーケティング１,東　徹,春・火・３ N331,/timetable/slbssbdr.do?value(risyunen)=2017&value(semekikn)=1&value(kougicd)=HA028&value(crclumcd)=
,マーケティング１,東　徹,春・火・３ N331,/timetable/slbssbdr.do?value(risyunen)=2017&value(semekikn)=1&value(kougicd)=HA928&value(crclumcd)=
TRS2100,マーケティング総論,東　徹,春・火・３ N331,/timetable/slbssbdr.do?value(risyunen)=2017&value(semekikn)=1&value(kougicd)=HA087&value(crclumcd)=
,演習（４年）Ａ,庄司　貴行,春・火・３ N227,/timetable/slbssbdr.do?value(risyunen)=2017&value(semekikn)=1&value(kougicd)=HA677&value(crclumcd)=
,演習（４年）Ａ,権　赫麟,春・火・３ N842,/timetable/slbssbdr.do?value(risyunen)=2017&value(semekikn)=1&value(kougicd)=HB677&value(crclumcd)=
,演習（４年）Ａ,村上　和夫,春・火・３ N241,/timetable/slbssbdr.do?value(risyunen)=2017&value(semekikn)=1&value(kougicd)=HB685&value(crclumcd)=
,演習（４年）Ｂ,庄司　貴行,秋・火・３ N227,/timetable/slbssbdr.do?value(risyunen)=2017&value(semekikn)=1&value(kougicd)=HA678&value(crclumcd)=
,演習（４年）Ｂ,権　赫麟,秋・火・３ N842,/timetable/slbssbdr.do?value(risyunen)=2017&value(semekikn)=1&value(kougicd)=HB678&value(crclumcd)=
,演習（４年）Ｂ,村上　和夫,秋・火・３ N241,/timetable/slbssbdr.do?value(risyunen)=2017&value(semekikn)=1&value(kougicd)=HB686&value(crclumcd)=
TRM1200,外国史１,坪井　祐司,春・火・３ N8B1,/timetable/slbssbdr.do?value(risyunen)=2017&value(semekikn)=1&value(kougicd)=HA824&value(crclumcd)=
TRM1200,外国史２,坪井　祐司,秋・火・３ N312,/timetable/slbssbdr.do?value(risyunen)=2017&value(semekikn)=1&value(kougicd)=HA825&value(crclumcd)=
,外国史１,坪井　祐司,春・火・３ N8B1,/timetable/slbssbdr.do?value(risyunen)=2017&value(semekikn)=1&value(kougicd)=HX251&value(crclumcd)=
,外国史２,坪井　祐司,秋・火・３ N312,/timetable/slbssbdr.do?value(risyunen)=2017&value(semekikn)=1&value(kougicd)=HX252&value(crclumcd)=
TRS3200,コンベンション産業論,岡村　篤,秋・火・３ N347秋・火・４ N347,/timetable/slbssbdr.do?value(risyunen)=2017&value(semekikn)=1&value(kougicd)=HA345&value(crclumcd)=
TRS2300,エコツーリズム論,海津　ゆりえ,秋・火・４ N8B1,/timetable/slbssbdr.do?value(risyunen)=2017&value(semekikn)=1&value(kougicd)=HA106&value(crclumcd)=
TRM3100,交通産業特論,西村　剛松村　公明,春・火・４ N821,/timetable/slbssbdr.do?value(risyunen)=2017&value(semekikn)=1&value(kougicd)=HA939&value(crclumcd)=
TRM3003,観光特論２（朝鮮語）,鄭　玉姫,春・火・４ N322,/timetable/slbssbdr.do?value(risyunen)=2017&value(semekikn)=1&value(kougicd)=HA504&value(crclumcd)=
TRM1200,自然地理学,中山　大地,秋・火・４ N312,/timetable/slbssbdr.do?value(risyunen)=2017&value(semekikn)=1&value(kougicd)=HA837&value(crclumcd)=
,自然地理学,中山　大地,秋・火・４ N312,/timetable/slbssbdr.do?value(risyunen)=2017&value(semekikn)=1&value(kougicd)=HX315&value(crclumcd)=
TRM1200,哲学,加藤　喜市,秋・火・４ N214,/timetable/slbssbdr.do?value(risyunen)=2017&value(semekikn)=1&value(kougicd)=HA802&value(crclumcd)=
,演習（４年）Ａ,越智　郁乃,春・火・５ N432,/timetable/slbssbdr.do?value(risyunen)=2017&value(semekikn)=1&value(kougicd)=HA695&value(crclumcd)=
,演習（４年）Ｂ,越智　郁乃,秋・火・５ N432,/timetable/slbssbdr.do?value(risyunen)=2017&value(semekikn)=1&value(kougicd)=HA696&value(crclumcd)=
TRM1200,地理学１,中山　大地,春・火・５ N851,/timetable/slbssbdr.do?value(risyunen)=2017&value(semekikn)=1&value(kougicd)=HA820&value(crclumcd)=
TRM1200,地理学２,中山　大地,秋・火・５ N311,/timetable/slbssbdr.do?value(risyunen)=2017&value(semekikn)=1&value(kougicd)=HA821&value(crclumcd)=
,地理学１,中山　大地,春・火・５ N851,/timetable/slbssbdr.do?value(risyunen)=2017&value(semekikn)=1&value(kougicd)=HX231&value(crclumcd)=
,地理学２,中山　大地,秋・火・５ N311,/timetable/slbssbdr.do?value(risyunen)=2017&value(semekikn)=1&value(kougicd)=HX232&value(crclumcd)=
TRM3003,観光特論４（英語）,ウエノ，Ｒ．,春・火・５ N423春・火・６ N423春・火・７ N423春・水・５ N423春・水・６ N423春・水・７ N423春・木・５ N423春・木・６ N423春・木・７ N423春・金・５ N423春・金・６ N423春・金・７ N423春・土・３ N423春・土・４ N423春・土・５ N423春他 N423,/timetable/slbssbdr.do?value(risyunen)=2017&value(semekikn)=1&value(kougicd)=HA506&value(crclumcd)=
TRS1100,経営学総論,藤波　美帆,秋・水・１ N312,/timetable/slbssbdr.do?value(risyunen)=2017&value(semekikn)=1&value(kougicd)=HA008&value(crclumcd)=
,経営学総論１,藤波　美帆,秋・水・１ N312,/timetable/slbssbdr.do?value(risyunen)=2017&value(semekikn)=1&value(kougicd)=HA011&value(crclumcd)=
TRS2300,都市観光論,杜　国慶,秋・水・１ N421,/timetable/slbssbdr.do?value(risyunen)=2017&value(semekikn)=1&value(kougicd)=HA107&value(crclumcd)=
,都市観光論,杜　国慶,秋・水・１ N421,/timetable/slbssbdr.do?value(risyunen)=2017&value(semekikn)=1&value(kougicd)=HA108&value(crclumcd)=
,言語と文化（英語）Ａ,藤田　玲子,春・水・１ N842,/timetable/slbssbdr.do?value(risyunen)=2017&value(semekikn)=1&value(kougicd)=HB205&value(crclumcd)=
,言語と文化（英語）Ｂ,藤田　玲子,秋・水・１ N842,/timetable/slbssbdr.do?value(risyunen)=2017&value(semekikn)=1&value(kougicd)=HB206&value(crclumcd)=
,ホスピタリティマーケティング,永野　和雄,春・水・１ N222春・水・２ N222,/timetable/slbssbdr.do?value(risyunen)=2017&value(semekikn)=1&value(kougicd)=HA325&value(crclumcd)=
,ホスピタリティマーケティング１,永野　和雄,春・水・１ N222春・水・２ N222,/timetable/slbssbdr.do?value(risyunen)=2017&value(semekikn)=1&value(kougicd)=HA323&value(crclumcd)=
